{   
    "access_auth_url": "https://accounts.google.com/o/oauth2/v2/auth",
    "access_token_url" : "https://oauth2.googleapis.com/token",
    "client_id" : "669553241597-ldbf3io8v7tsveg24amk8vm2hn8m563f.apps.googleusercontent.com",
    "client_secret" : "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",
    "scope" : "https://www.googleapis.com/auth/drive",
    "redirect_uri" : "http://localhost:3000/auth/google/callback",
    "hybrid_api_url": "https://www.hybrid-analysis.com/api/v2/",
    "hybrid_api_key": "nprvyo7d7d638a19y64fftt026ce1731x10p5hcl9d9dd09dj9m28etf111649e5",
    "domain": "https://localhost:3000/"
}